artistName,trackName,month,minutes
Taylor Swift,the 1,2020-10-01,3.5
Taylor Swift,cardigan,2020-10-01,3.99
Taylor Swift,the last great american dynasty,2020-10-01,3.83
Taylor Swift,exile (feat. Bon Iver),2020-10-01,4.76
Taylor Swift,my tears ricochet,2020-10-01,4.26
Taylor Swift,mirrorball,2020-10-01,1.28
Taylor Swift,mirrorball,2020-10-01,2.2
Taylor Swift,seven,2020-10-01,3.48
Taylor Swift,august,2020-10-01,4.36
Taylor Swift,this is me trying,2020-10-01,3.25
Taylor Swift,illicit affairs,2020-10-01,3.16
Taylor Swift,invisible string,2020-10-01,4.21
Taylor Swift,mad woman,2020-10-01,2.37
I Hate Kate,It's Always Better,2020-10-01,3.62
Chris Farren,Human Being,2020-10-01,3.24
Miel,Must Be Fine,2020-10-01,2.5
Nick Lutsko,Spineless,2020-10-01,3.77
The Happy Fits,Hold Me Down,2020-10-01,3.73
Madison Cunningham,All At Once,2020-10-01,4.38
The Weepies,Antarctica,2020-10-01,3.21
Math The Band,Didn't Have Time to Think,2020-10-01,5.15
Matt Skiba,Good Fucking Bye,2020-10-01,2.53
Jukebox The Ghost,Getting Older,2020-10-01,3.91
Ben Folds Five,Best Imitation Of Myself,2020-10-01,2.64
Dan & Drum,Lil Bops,2020-10-01,3.15
Alonestar,Raise Em Up - Dance Remix,2020-10-01,0.07
Reggie And The Full Effect,37,2020-10-01,0
Of Monsters and Men,Visitor,2020-10-01,3.45
Tuvaband,I Entered The Void - Quiet,2020-10-01,3.99
Carbozo,Carbozo 2.0 - Extrait du projet Carbozo Vol. 1,2020-10-01,0.48
Tuvaband,Unknown,2020-10-01,4.17
Tuvaband,Trees,2020-10-01,3.57
Tuvaband,Everything We Do Is Wrong,2020-10-01,4.13
Tuvaband,Horses,2020-10-01,3.28
Tuvaband,(It's Not About) Running,2020-10-01,4.1
Tuvaband,He Said Me Too - Quiet,2020-10-01,2.98
Fear of Men,Sane,2020-10-01,4.7
RY X,Deliverance,2020-10-01,3.83
Joshua Burnside,And You Evade Him/Born in the Blood,2020-10-01,4.95
Daughter,Smother,2020-10-01,4
Samantha Crain,Joey,2020-10-01,4.66
Agnes Obel,Riverside,2020-10-01,3.83
In The Valley Below,Hymnal,2020-10-01,4.45
Marika Hackman,Deep Green,2020-10-01,3.59
CLOVES,Don't Forget About Me,2020-10-01,4.48
Broods,Sleep Baby Sleep,2020-10-01,3
London Grammar,Hey Now,2020-10-01,3.45
Adna,Beautiful Hell,2020-10-01,2.94
Hozier,Arsonist's Lullabye,2020-10-01,4.44
SOAK,B a noBody,2020-10-01,4.8
Monica Heldal,Swan,2020-10-01,5.47
Wickerbird,The Fold,2020-10-01,3.61
Jill Andrews,Lost It All,2020-10-01,3.73
Apparat,Goodbye (with Soap & Skin),2020-10-01,4.49
BANKS,Waiting Game,2020-10-01,3.46
Tusks,Toronto,2020-10-01,3.32
London Grammar,Wasting My Young Years,2020-10-01,2.1
London Grammar,Wasting My Young Years,2020-10-01,1.3
The National,The System Only Dreams in Total Darkness,2020-10-01,3.95
The Deep Dark Woods,Drifting on a Summer's Night,2020-10-01,2.91
Ben Howard,In Dreams,2020-10-01,3.55
Dermot Kennedy,Glory,2020-10-01,3.7
Twin Caverns,Swell,2020-10-01,4.06
Puzzle Muteson,By Night,2020-10-01,3.64
Father John Misty,O I Long to Feel Your Arms Around Me,2020-10-01,2.38
Tash Sultana,Notion,2020-10-01,5.68
Liz Longley,Rescue My Heart,2020-10-01,3.43
Vera Sola,The Cage,2020-10-01,1.96
Brooke Annibale,Hold On,2020-10-01,3.83
Mt. Wolf,Bohemia,2020-10-01,5.26
Emily Jane White,Hands,2020-10-01,3.37
Emily Jane White,Washed Away,2020-10-01,3.94
Aoife O'Donovan,The King of All Birds,2020-10-01,3.94
Julien Baker,Appointments,2020-10-01,4.56
Ailbhe Reddy,Distrust,2020-10-01,3.55
Vera Sola,"Loving, Loving",2020-10-01,3.33
RY X,Berlin,2020-10-01,2.83
RY X,Berlin,2020-10-01,2.9
RY X,Oceans,2020-10-01,4.66
Fear of Men,Sane,2020-10-01,4.7
RY X,Deliverance,2020-10-01,2.9
Joshua Burnside,And You Evade Him/Born in the Blood,2020-10-01,2.55
Daughter,Smother,2020-10-01,4.01
Samantha Crain,Joey,2020-10-01,4.68
Agnes Obel,Riverside,2020-10-01,2.43
RY X,Only,2020-10-01,2.11
Fear of Men,Sane,2020-10-01,4.7
RY X,Deliverance,2020-10-01,3.84
Joshua Burnside,And You Evade Him/Born in the Blood,2020-10-01,4.95
Daughter,Smother,2020-10-01,4.01
Samantha Crain,Joey,2020-10-01,4.68
Agnes Obel,Riverside,2020-10-01,3.84
In The Valley Below,Hymnal,2020-10-01,4.45
Marika Hackman,Deep Green,2020-10-01,3.6
CLOVES,Don't Forget About Me,2020-10-01,4.48
Broods,Sleep Baby Sleep,2020-10-01,3
London Grammar,Hey Now,2020-10-01,3.45
Adna,Beautiful Hell,2020-10-01,2.94
Hozier,Arsonist's Lullabye,2020-10-01,4.44
SOAK,B a noBody,2020-10-01,1.8
Monica Heldal,Swan,2020-10-01,1.76
Wickerbird,The Fold,2020-10-01,3.61
Jill Andrews,Lost It All,2020-10-01,3.73
Apparat,Goodbye (with Soap & Skin),2020-10-01,4.49
BANKS,Waiting Game,2020-10-01,3.46
Tusks,Toronto,2020-10-01,2.37
Tusks,Toronto,2020-10-01,0.96
London Grammar,Wasting My Young Years,2020-10-01,3.4
The National,The System Only Dreams in Total Darkness,2020-10-01,0.5
Ben Howard,In Dreams,2020-10-01,0.49
The Deep Dark Woods,Drifting on a Summer's Night,2020-10-01,0.77
Dermot Kennedy,Glory,2020-10-01,3.7
Twin Caverns,Swell,2020-10-01,2.16
Puzzle Muteson,By Night,2020-10-01,3.64
Father John Misty,O I Long to Feel Your Arms Around Me,2020-10-01,2.39
Tash Sultana,Notion,2020-10-01,5.68
Liz Longley,Rescue My Heart,2020-10-01,1.02
Vera Sola,The Cage,2020-10-01,1.57
Brooke Annibale,Hold On,2020-10-01,0.22
Kevin Garrett,Little Bit of You,2020-10-01,4.57
Lights,Up We Go,2020-10-01,0.9
Marian Hill,Down,2020-10-01,3.3
luhx.,Poison.,2020-10-01,0.6
Phosphorescent,Song For Zula,2020-10-01,0.64
Fink,Looking Too Closely,2020-10-01,5.18
Lisa Hannigan,Undertow,2020-10-01,0.31
Gary Clark Jr.,Honest I Do - Live,2020-10-01,0.23
Jukebox The Ghost,Show Me Where It Hurts - Solo Piano Version,2020-10-01,3.27
Watsky,Don't Be Nice,2020-10-01,3.3
KALEO,Way down We Go - Recorded at Spotify Studios NYC,2020-10-01,3.22
Orangutang,Bella,2020-10-01,1.24
El Perro del Mar,Fight For Life,2020-10-01,0.27
Julien Baker,Go Home,2020-10-01,5.08
Hailaker,Not Much,2020-10-01,0.52
Fountains Of Wayne,Hey Julie,2020-10-01,2.62
Jack Johnson,"Sitting, Waiting, Wishing",2020-10-01,3.06
Eagle-Eye Cherry,Save Tonight,2020-10-01,3.99
Eagle-Eye Cherry,Are You Still Having Fun?,2020-10-01,3.2
Counting Crows,Big Yellow Taxi,2020-10-01,0.41
Watsky,Don't Be Nice,2020-10-01,3.3
Gregory Alan Isakov,Fire Escape,2020-10-01,1.54
The Strumbellas,Young & Wild,2020-10-01,4.33
The Strumbellas,Young & Wild,2020-11-01,0.04
Ryan Cabrera,I Will Remember You,2020-11-01,0.22
Eagle-Eye Cherry,Save Tonight,2020-11-01,3.99
David Gray,This Year's Love,2020-11-01,1.73
Fear of Men,Sane,2020-11-01,4.7
RY X,Deliverance,2020-11-01,3.84
Joshua Burnside,And You Evade Him/Born in the Blood,2020-11-01,0.49
Daughter,Smother,2020-11-01,4.01
Samantha Crain,Joey,2020-11-01,4.68
Agnes Obel,Riverside,2020-11-01,3.84
In The Valley Below,Hymnal,2020-11-01,4.45
Marika Hackman,Deep Green,2020-11-01,3.6
CLOVES,Don't Forget About Me,2020-11-01,4.48
Broods,Sleep Baby Sleep,2020-11-01,3
London Grammar,Hey Now,2020-11-01,3.45
Adna,Beautiful Hell,2020-11-01,2.94
Hozier,Arsonist's Lullabye,2020-11-01,4.44
SOAK,B a noBody,2020-11-01,4.8
Monica Heldal,Swan,2020-11-01,5.48
Wickerbird,The Fold,2020-11-01,3.61
Jill Andrews,Lost It All,2020-11-01,3.73
Apparat,Goodbye (with Soap & Skin),2020-11-01,4.49
BANKS,Waiting Game,2020-11-01,3.46
Tusks,Toronto,2020-11-01,3.33
London Grammar,Wasting My Young Years,2020-11-01,3.4
The National,The System Only Dreams in Total Darkness,2020-11-01,3.95
The Deep Dark Woods,Drifting on a Summer's Night,2020-11-01,2.01
The Deep Dark Woods,Drifting on a Summer's Night,2020-11-01,0.91
Ben Howard,In Dreams,2020-11-01,3.56
Dermot Kennedy,Glory,2020-11-01,3.7
Twin Caverns,Swell,2020-11-01,4.06
Jukebox The Ghost,Jumpstarted,2020-11-01,4.38
Of Monsters and Men,We Sink,2020-11-01,4.36
The Strumbellas,Young & Wild,2020-11-01,4.47
Wolf Gang,Lay Your Love Down - Single Version,2020-11-01,3.81
Dan & Drum,Lil Bops,2020-11-01,3.15
The Lumineers,My Eyes,2020-11-01,3.61
Oh Wonder,Drive,2020-11-01,3.27
Jukebox The Ghost,Undeniable You,2020-11-01,3.35
Tim Atlas,Ten Goodbyes,2020-11-01,2.78
Nothing But Thieves,Real Love Song (with Bucharest Symphony Orchestra),2020-11-01,3.62
Watsky,Talking to Myself,2020-11-01,3.68
Judah & the Lion,Green Eyes,2020-11-01,4.79
Wilco,You and I,2020-11-01,3.42
Plants and Animals,Lightshow,2020-11-01,3.59
Bahamas,Way With Words,2020-11-01,4.35
Weezer,Wind in Our Sail,2020-11-01,2.9
Fuller,Favorite Poison,2020-11-01,3.2
Eisley,Wonder English,2020-11-01,3.51
Young the Giant,Superposition,2020-11-01,3.77
Future Generations,You've Got Me Flush,2020-11-01,4.5
Jack Garratt,Surprise Yourself,2020-11-01,2.07
Lord Huron,The Night We Met,2020-11-01,3.47
Phoebe Bridgers,Punisher,2020-11-01,3.16
Apparat,Goodbye (with Soap & Skin),2020-11-01,2.2
Lord Huron,The Night We Met,2020-11-01,3.47
Phoebe Bridgers,Punisher,2020-11-01,3.16
Apparat,Goodbye (with Soap & Skin),2020-11-01,0.84
The National,I Need My Girl,2020-11-01,4.09
Puzzle Muteson,By Night,2020-11-01,1.24
Tuvaband,(It's Not About) Running,2020-11-01,4.11
Gregory Alan Isakov,Fire Escape,2020-11-01,1.54
Juliana Daugherty,Sweetheart,2020-11-01,3.56
Of Monsters and Men,Crystals,2020-11-01,4.06
Jukebox The Ghost,Show Me Where It Hurts - Solo Piano Version,2020-11-01,3.27
Eisley,Wicked Child - Ft. Merriment,2020-11-01,4.92
Fractures,Won't Win,2020-11-01,4.29
Conner Youngblood,Australia,2020-11-01,5.14
Milky Chance,Doing Good,2020-11-01,4.18
alt-J,"Dancing in the Moonlight (It's Caught Me in Its Spotlight) - Live from Spotify Studios, New York City, NY",2020-11-01,2.4
Bad Suns,I'm Not Having Any Fun,2020-11-01,1.72
Weezer,Thank God for Girls,2020-11-01,3.5
Of Monsters and Men,Empire,2020-11-01,0.03
Watsky,Don't Be Nice,2020-11-01,1.52
Clans,Alibi,2020-11-01,3.25
Jukebox The Ghost,Stay the Night,2020-11-01,1.91
Julien Baker,Appointments,2020-11-01,4.56
The National,About Today,2020-11-01,4.18
Mark Kozelek,You Missed My Heart,2020-11-01,6.19
Phoebe Bridgers,Demi Moore,2020-11-01,3.31
Bon Iver,10 d E A T h b R E a s T ⚄ ⚄ - Extended Version,2020-11-01,2.97
Vera Sola,"Loving, Loving",2020-11-01,3.34
Black Bear,Black Bear,2020-11-01,4.49
Jealous of the Birds,Tonight I Feel Like Kafka,2020-11-01,3.15
Fear of Men,Sane,2020-11-01,3.98
Hamilton Leithauser,In a Black Out,2020-11-01,3.28
Sufjan Stevens,Death with Dignity,2020-11-01,3.99
Marika Hackman,Deep Green,2020-11-01,3.6
Foxing,The Medic,2020-11-01,1.16
Weezer,Hash Pipe,2020-11-01,0.08
Bear's Den,"Christmas, Hopefully",2020-11-01,1.48
Bobby Helms,Jingle Bell Rock,2020-11-01,2.18
Brenda Lee,Rockin' Around The Christmas Tree,2020-11-01,2.1
Wham!,Last Christmas,2020-11-01,4.38
Dean Martin,Let It Snow! Let It Snow! Let It Snow!,2020-11-01,1.95
Andy Williams,It's the Most Wonderful Time of the Year,2020-11-01,2.53
Michael Bublé,It's Beginning to Look a Lot like Christmas,2020-11-01,3.44
Kelly Clarkson,Underneath the Tree,2020-11-01,3.83
Mariah Carey,All I Want for Christmas Is You,2020-11-01,4.02
Ariana Grande,Santa Tell Me,2020-11-01,1.67
Lord Huron,The Night We Met,2020-12-01,3.47
Phoebe Bridgers,Punisher,2020-12-01,3.16
Apparat,Goodbye (with Soap & Skin),2020-12-01,4.49
The National,I Need My Girl,2020-12-01,4.09
The National,I Need My Girl,2020-12-01,0.02
The National,I Need My Girl,2020-12-01,4.08
Puzzle Muteson,By Night,2020-12-01,3.64
Joshua Burnside,And You Evade Him/Born in the Blood,2020-12-01,0.78
Daughter,Smother,2020-12-01,4
Agnes Obel,Riverside,2020-12-01,3.83
CLOVES,Don't Forget About Me,2020-12-01,4.48
SOAK,B a noBody,2020-12-01,4.8
London Grammar,Wasting My Young Years,2020-12-01,3.4
Fear of Men,Sane,2020-12-01,4.7
RY X,Deliverance,2020-12-01,2.94
In The Valley Below,Hymnal,2020-12-01,0.04
Samantha Crain,Joey,2020-12-01,4.66
Samantha Crain,Joey,2020-12-01,4.67
Samantha Crain,Pastime,2020-12-01,0.6
Run River North,Mr. Brightside,2020-12-01,0.44
Run River North,Mr. Brightside,2020-12-01,4.53
Run River North,Spiders,2020-12-01,3.3
Run River North,29,2020-12-01,3.45
Run River North,Wake Up,2020-12-01,3.18
Run River North,Growing Up,2020-12-01,4.06
Run River North,Run or Hide,2020-12-01,3.6
Run River North,Lonely Weather,2020-12-01,3.16
Run River North,Monsters,2020-12-01,2.87
Run River North,Monsters Calling Home,2020-12-01,4.18
Run River North,Hummingbird,2020-12-01,2.87
Run River North,Rearview - SAD Takes,2020-12-01,3.07
Run River North,OKAY COOL - SAD Takes,2020-12-01,3.14
Run River North,I'm Amazing - SAD Takes,2020-12-01,2.81
Run River North,Casina - SAD Takes,2020-12-01,3.42
Run River North,Hands Up - SAD Takes,2020-12-01,3.59
Run River North,40g - SAD Takes,2020-12-01,3.58
Run River North,Monsters - SAD Takes,2020-12-01,2.93
Run River North,The Only One,2020-12-01,3.32
In The Valley Below,Hymnal,2020-12-01,4.45
Marika Hackman,Deep Green,2020-12-01,3.59
Broods,Sleep Baby Sleep,2020-12-01,3
London Grammar,Hey Now,2020-12-01,3.45
Adna,Beautiful Hell,2020-12-01,2.93
Hozier,Arsonist's Lullabye,2020-12-01,4.44
Monica Heldal,Swan,2020-12-01,5.47
Wickerbird,The Fold,2020-12-01,1.38
KALEO,I Can't Go on Without You,2020-12-01,6.28
Ben Howard,In Dreams,2020-12-01,3.55
Liz Longley,Torture,2020-12-01,3.05
Hozier,It Will Come Back,2020-12-01,0.45
Mick Flannery,Light a Fire,2020-12-01,3.46
Colter Wall,Sleeping on the Blacktop,2020-12-01,3.21
Rayland Baxter,Bad Things,2020-12-01,5.23
James Vincent McMorrow,"Wicked Game - Live at Killkenny Arts Festival, Ireland/2011",2020-12-01,4.53
Damien Rice,Volcano,2020-12-01,4.64
Anderson East,All On My Mind - Single Version,2020-12-01,3.7
Dermot Kennedy,Power Over Me - Acoustic,2020-12-01,3.33
Wyvern Lingo,Used,2020-12-01,4.21
Damien Rice,Woman Like a Man - Live Radio Session,2020-12-01,4.73
Bishop Briggs,River,2020-12-01,3.6
The Woodlands,Making Love on the Mountain - Sexy Mix,2020-12-01,3.97
Puzzle Muteson,By Night,2020-12-01,3.64
Nikolaj Grandjean,Uncuff Me,2020-12-01,3.77
Ciaran Lavery,Lovers Who Make Love,2020-12-01,3.64
Ray LaMontagne,Burn,2020-12-01,2.86
Seinabo Sey,Hard Time,2020-12-01,3.48
Laura Marling,Master Hunter,2020-12-01,3.27
The Weather Station,Thirty,2020-12-01,3.67
Hozier,NFWMB,2020-12-01,0.85
Death Cab for Cutie,No Room in Frame,2020-12-01,4.09
Death Cab for Cutie,Black Sun,2020-12-01,4.82
Death Cab for Cutie,The Ghosts of Beverly Drive,2020-12-01,4.05
Death Cab for Cutie,Little Wanderer,2020-12-01,4.3
Death Cab for Cutie,You've Haunted Me All My Life,2020-12-01,4.12
Death Cab for Cutie,Hold No Guns,2020-12-01,3.04
Death Cab for Cutie,Everything's a Ceiling,2020-12-01,3.66
Death Cab for Cutie,Good Help (Is So Hard to Find),2020-12-01,4.76
Death Cab for Cutie,El Dorado,2020-12-01,0.94
Run River North,Spiders,2020-12-01,0.09
Run River North,Mr. Brightside,2020-12-01,4.53
EXES,Don't Wait,2020-12-01,3.89
Amy Shark,All the Lies About Me,2020-12-01,2.95
Jack Johnson,The Captain Is Drunk,2020-12-01,3.11
The Juliana Theory,Can't Go Home,2020-12-01,3.59
The Juliana Theory,This Is a Lovesong...for the Loveless,2020-12-01,3.61
The Juliana Theory,We Make the Road by Walking,2020-12-01,3.87
The Juliana Theory,Shotgun Serenade,2020-12-01,1.18
gnash,forgive,2020-12-01,2.71
Run River North,Wake Up,2020-12-01,3.18
Sufjan Stevens,The Predatory Wasp of The Palisades Is Out To Get Us,2020-12-01,2.62
Sufjan Stevens,Silent Night,2020-12-01,0.74
Sufjan Stevens,O Come O Come Emmanuel,2020-12-01,4
Sufjan Stevens,We're Goin' To the Country!,2020-12-01,0.6
The Decemberists,Sons & Daughters,2020-12-01,5.22
The Decemberists,The Crane Wife 3,2020-12-01,4.3
Jukebox The Ghost,Time And I - Acoustic,2020-12-01,3.12
Smallpools,Million Bucks,2020-12-01,4
Jukebox The Ghost,Jumpstarted,2020-12-01,4.38
Young the Giant,Superposition,2020-12-01,3.77
Big Red Machine,Gratitude,2020-12-01,5.94
The New Pornographers,Challengers,2020-12-01,3.52
The Shins,A Comet Appears,2020-12-01,2.49
The Postal Service,Such Great Heights - Remastered,2020-12-01,4.44
The Postal Service,The District Sleeps Alone Tonight - Remastered,2020-12-01,4.73
The Postal Service,Sleeping In - Remastered,2020-12-01,4.35
The Postal Service,We Will Become Silhouettes - Remastered,2020-12-01,5
The Postal Service,Nothing Better,2020-12-01,3.78
The Postal Service,Brand New Colony - Remastered,2020-12-01,4.21
The Postal Service,Clark Gable - Remastered,2020-12-01,4.9
Lord Huron,The Night We Met,2020-12-01,3.47
Phoebe Bridgers,Punisher,2020-12-01,3.16
Apparat,Goodbye (with Soap & Skin),2020-12-01,4.49
The National,I Need My Girl,2020-12-01,0.64
Rainbow Kitten Surprise,Devil Like Me,2020-12-01,3.14
The Deep Dark Woods,The Place I Left Behind,2020-12-01,4.08
Lord Huron,The Night We Met,2020-12-01,3.47
Phoebe Bridgers,Punisher,2020-12-01,3.16
Apparat,Goodbye (with Soap & Skin),2020-12-01,4.49
Mariah Carey,All I Want for Christmas Is You,2020-12-01,0.04
Bobby Helms,Jingle Bell Rock,2020-12-01,2.18
Michael Bublé,It's Beginning to Look a Lot like Christmas,2020-12-01,3.44
Wham!,Last Christmas,2020-12-01,4.38
Kelly Clarkson,Underneath the Tree,2020-12-01,3.83
Ariana Grande,Santa Tell Me,2020-12-01,3.4
Andy Williams,It's the Most Wonderful Time of the Year,2020-12-01,2.53
Dean Martin,Let It Snow! Let It Snow! Let It Snow!,2020-12-01,1.95
The Ronettes,Sleigh Ride,2020-12-01,3.02
Brenda Lee,Rockin' Around The Christmas Tree,2020-12-01,2.1
Helene Fischer,Santa Baby,2020-12-01,3.55
Sia,Santa's Coming for Us,2020-12-01,3.42
Tony Bennett,Winter Wonderland,2020-12-01,2.23
Stevie Wonder,What Christmas Means To Me,2020-12-01,2.47
Paul McCartney,Wonderful Christmastime - Edited Version / Remastered 2011,2020-12-01,3.79
Jonas Brothers,Like It's Christmas,2020-12-01,3.35
Sheffield,You and Me and Christmastime,2020-12-01,3.23
Shakin' Stevens,Merry Christmas Everyone,2020-12-01,3.67
Mariah Carey,Silent Night,2020-12-01,3.65
Pentatonix,Amazing Grace (My Chains Are Gone),2020-12-01,4.42
Christina Aguilera,This Christmas,2020-12-01,0.9
Liam Payne,All I Want (For Christmas),2020-12-01,0.04
Darlene Love,Christmas (Baby Please Come Home),2020-12-01,2.77
Jonas Brothers,I Need You Christmas,2020-12-01,3.43
Elvis Presley,Blue Christmas,2020-12-01,2.15
Chris Rea,Driving Home for Christmas,2020-12-01,4
Nina Nesbitt,"Oh Holy Night - Recorded at Metropolis Studios, London",2020-12-01,3.8
Train,Shake Up Christmas,2020-12-01,3.87
Bing Crosby,White Christmas,2020-12-01,2.96
Justin Bieber,The Christmas Song (Chestnuts Roasting On An Open Fire),2020-12-01,3.59
Bing Crosby,It's Beginning To Look A Lot Like Christmas,2020-12-01,2.77
Hannah Kerr,Winter Wonderland,2020-12-01,2.63
*NSYNC,"Merry Christmas, Happy Holidays",2020-12-01,4.26
Perry Como,It's Beginning to Look a Lot Like Christmas (with Mitchell Ayres & His Orchestra),2020-12-01,2.6
Meghan Trainor,"Holidays (feat. Earth, Wind & Fire)",2020-12-01,2.76
Andreas Weise,Before Christmas,2020-12-01,3.61
Michael Bublé,Holly Jolly Christmas,2020-12-01,2
José Feliciano,Feliz Navidad,2020-12-01,3.03
Nat King Cole,Joy To The World,2020-12-01,1.42
Queen,Thank God It's Christmas - 2011 Remaster,2020-12-01,4.36
Sam Smith,Have Yourself A Merry Little Christmas,2020-12-01,2.85
Nat King Cole,The Christmas Song (Merry Christmas To You),2020-12-01,3.2
Band Aid,Do They Know It's Christmas? - 1984 Version,2020-12-01,3.71
Alessia Cara,Make It To Christmas,2020-12-01,3.52
Elton John,Step Into Christmas,2020-12-01,4.54
Meghan Trainor,My Kind Of Present,2020-12-01,2.68
Leona Lewis,One More Sleep,2020-12-01,2.34
Joy Williams,Front Porch,2020-12-01,3.86
Gregory Alan Isakov,"If I Go, I'm Goin",2020-12-01,4.45
Donovan Woods,"Portland, Maine",2020-12-01,3.4
The Staves,Nothing's Gonna Happen (Demo),2020-12-01,3.94
Dead Horses,Turntable,2020-12-01,3.27
The Brother Brothers,Siren Song,2020-12-01,3.06
Humbird,Pharmakon,2020-12-01,2.59
Meadows,The Only Boy Awake,2020-12-01,2.72
Shannon Lay,Recording 15,2020-12-01,4.03
Hozier,Shrike,2020-12-01,4.79
Nick Mulvey,April,2020-12-01,4.15
Gem Club,Twins,2020-12-01,4.33
NIGHT FLIGHT,Departure,2020-12-01,4.12
Bandit,Where Is My Mind,2020-12-01,3.32
Andy Shauf,I'm Not Falling Asleep,2020-12-01,2.91
The Careful Ones,Paper Knees,2020-12-01,4.16
One Two,Bitter and Sick,2020-12-01,3.1
Jack in Water,Epicurists,2020-12-01,4.09
Margaret Glaspy,You're Smiling (But I Don't Believe You),2020-12-01,3.55
The World Is A Beautiful Place & I Am No Longer Afraid To Die,You Can't Live There Forever,2020-12-01,4.03
Big Thief,Paul,2020-12-01,3.06
Max Jury,Great American Novel,2020-12-01,3.93
Escondido,Try,2020-12-01,3.63
isaac gracie,all the burning lovers - demo,2020-12-01,4.83
Rogue Wave,Memento Mori,2020-12-01,5.24
Sharon Van Etten,Every Time the Sun Comes Up,2020-12-01,4.37
Ciaran Lavery,Lovers Who Make Love,2020-12-01,0.29
Land of Talk,It's Okay,2020-12-01,2.84
Land of Talk,It's Okay,2020-12-01,4.9
Hazel English,I'm Fine,2020-12-01,3.31
Tom Rosenthal,All of Them Dreams,2020-12-01,2.53
Nathaniel Rateliff,Still Trying,2020-12-01,4.16
Pavvla,Planets and Stars,2020-12-01,3.04
Dan Croll,Sweet Disarray,2020-12-01,3.42
HAIM,Night So Long,2020-12-01,3.07
Bjéar,Firefall,2020-12-01,5.98
The Wild Reeds,Let No Grief,2020-12-01,5.34
Lena Fayre,Every Man Is a Warrior,2020-12-01,3.27
EL VY,No Time to Crank the Sun,2020-12-01,5.21
Tired Pony,Get on the Road,2020-12-01,4.87
Kevin Reilly,Appalachian Moon,2020-12-01,3.2
Flyte,"Archie, Marry Me",2020-12-01,2.49
Nick Mulvey,April,2020-12-01,4.15
Gem Club,Twins,2020-12-01,4.33
NIGHT FLIGHT,Departure,2020-12-01,2.85
KALEO,I Can't Go on Without You,2020-12-01,6.28
The Woodlands,Making Love on the Mountain - Sexy Mix,2020-12-01,3.97
The Civil Wars,Devil's Backbone,2020-12-01,2.49
Wyvern Lingo,Used,2020-12-01,1.94
Ciaran Lavery,Lovers Who Make Love,2020-12-01,0.04
Joan Shelley,I Got What I Wanted,2020-12-01,3.11
Seinabo Sey,Hard Time,2020-12-01,0.63
Father John Misty,Chateau Lobby #4 (in C for Two Virgins),2020-12-01,0.69
Lord Huron,The Night We Met,2020-12-01,0.37
Lord Huron,La Belle Fleur Sauvage,2020-12-01,5.69
Lord Huron,Son of a Gun,2020-12-01,0.13
Lord Huron,Mighty,2020-12-01,6.19
Lord Huron,The Night We Met,2020-12-01,3.47
Phoebe Bridgers,Punisher,2020-12-01,3.16
Apparat,Goodbye (with Soap & Skin),2020-12-01,4.49
The National,I Need My Girl,2020-12-01,4.09
Puzzle Muteson,By Night,2020-12-01,3.64
Joshua Burnside,And You Evade Him/Born in the Blood,2020-12-01,4.32
Two Feet,Go Fuck Yourself,2020-12-01,1.22
Slothrust,Some Kind of Cowgirl,2020-12-01,4.73
Mainland,I Found God,2020-12-01,3.83
Taylor Swift,Dress,2020-12-01,0.11
Joshua Burnside,And You Evade Him/Born in the Blood,2020-12-01,0.05
Daughter,Smother,2020-12-01,4.01
Agnes Obel,Riverside,2020-12-01,3.84
CLOVES,Don't Forget About Me,2020-12-01,4.48
SOAK,B a noBody,2020-12-01,4.8
London Grammar,Wasting My Young Years,2020-12-01,3.4
Fear of Men,Sane,2020-12-01,4.7
RY X,Deliverance,2020-12-01,3.84
Taylor Swift,willow,2020-12-01,3.58
Taylor Swift,champagne problems,2020-12-01,4.06
Taylor Swift,gold rush,2020-12-01,2.9
Taylor Swift,gold rush,2020-12-01,3.09
Taylor Swift,‘tis the damn season,2020-12-01,3.83
Taylor Swift,tolerate it,2020-12-01,2.4
Taylor Swift,tolerate it,2020-12-01,1.69
Taylor Swift,"no body, no crime (feat. HAIM)",2020-12-01,3.59
Taylor Swift,happiness,2020-12-01,0.51
Taylor Swift,happiness,2020-12-01,5.25
Taylor Swift,dorothea,2020-12-01,3.76
Taylor Swift,coney island (feat. The National),2020-12-01,4.59
Taylor Swift,ivy,2020-12-01,4.33
Taylor Swift,cowboy like me,2020-12-01,4.58
Taylor Swift,long story short,2020-12-01,3.59
Taylor Swift,marjorie,2020-12-01,4.29
Ariana Grande,Santa Tell Me,2020-12-01,0.14
Ariana Grande,Santa Tell Me,2020-12-01,3.27
Band Aid 30,Do They Know It's Christmas? - 2014,2020-12-01,3.82
Miley Cyrus,Happy Xmas (War Is Over) (feat. Sean Ono Lennon),2020-12-01,3.68
Meghan Trainor,I'll Be Home,2020-12-01,3.66
Michael Bublé,Holly Jolly Christmas,2020-12-01,2
Sia,Underneath the Mistletoe,2020-12-01,3.84
Sia,Ho Ho Ho,2020-12-01,3.43
Kelly Clarkson,My Favorite Things,2020-12-01,2.82
Kelly Clarkson,Christmas Eve - Recorded at Spotify Studios NYC,2020-12-01,2.94
Savannah Sgro,I Hate the Holidays,2020-12-01,2.7
FINNEAS,Another Year,2020-12-01,4.28
Tori Kelly,Angels We Have Heard On High - Recorded At Electric Lady Studios NYC,2020-12-01,2.98
Mariah Carey,Oh Santa! (feat. Ariana Grande & Jennifer Hudson),2020-12-01,3.34
Matoma,It's Christmas Time (with Michael Bolton),2020-12-01,3.39
Grant Landis,Home for the Holidays,2020-12-01,2.65
Miley Cyrus,Sleigh Ride,2020-12-01,3.08
Justin Bieber,The Christmas Song (Chestnuts Roasting On An Open Fire),2020-12-01,3.59
Katy Perry,Cozy Little Christmas,2020-12-01,3.04
Michael Bublé,Jingle Bells (feat. The Puppini Sisters),2020-12-01,2.67
Betty Who,"Merry Christmas, Happy Holidays",2020-12-01,3.85
Tori Kelly,Let It Snow (with Babyface),2020-12-01,1.97
Kacey Musgraves,Glittery - From The Kacey Musgraves Christmas Show,2020-12-01,2.39
Michael Bublé,White Christmas (with Shania Twain),2020-12-01,3.61
Ariana Grande,Winter Things,2020-12-01,2.65
Meghan Trainor,"White Christmas - Spotify Singles - Christmas, Recorded at Sound Stage Studios Nashville",2020-12-01,3.24
Coldplay,Christmas Lights,2020-12-01,0.87
Coldplay,Christmas Lights,2020-12-01,3.17
Justin Bieber,Christmas Eve,2020-12-01,3.73
Alessia Cara,Make It To Christmas,2020-12-01,3.52
Britney Spears,My Only Wish (This Year),2020-12-01,4.26
David Archuleta,Christmas Every Day,2020-12-01,3.65
Mr Little Jeans,Dear Santa,2020-12-01,3.81
Gwen Stefani,Let It Snow,2020-12-01,2.23
Sia,Santa's Coming for Us,2020-12-01,3.42
HONNE,Warm on a Christmas Night,2020-12-01,4.48
Why Don't We,With You This Christmas,2020-12-01,2.45
Dan + Shay,Christmas Isn't Christmas,2020-12-01,3.25
Tori Kelly,Sleigh Ride,2020-12-01,3.09
Ashanti,Christmas Time Again,2020-12-01,4.08
Emmi Elliott,Christmas Cookies,2020-12-01,2.44
Kacey Musgraves,Rockin' Around The Christmas Tree - From The Kacey Musgraves Christmas Show,2020-12-01,2.07
Adam Lambert,Please Come Home For Christmas,2020-12-01,2.96
Kelly Clarkson,Underneath the Tree,2020-12-01,3.83
Pentatonix,I'll Be Home For Christmas,2020-12-01,3.46
Mariah Carey,Christmas (Baby Please Come Home),2020-12-01,2.55
Patrick Droney,All I Want for Christmas Is You - Spotify Single,2020-12-01,2.61
Taylor Swift,evermore (feat. Bon Iver),2020-12-01,0.49
Explosions In The Sky,Your Hand In Mine,2020-12-01,7.91
Patrick Droney,All I Want for Christmas Is You - Spotify Single,2020-12-01,1.04
Ava Max,Christmas Without You,2020-12-01,2.82
Rod Stewart,Santa Claus Is Coming To Town,2020-12-01,2.78
George Ezra,"White Christmas - Spotify Singles - Holiday, Recorded at Air Studios, London",2020-12-01,3.21
Mariah Carey,All I Want for Christmas Is You,2020-12-01,4.02
Fifth Harmony,"Can You See - Spotify Singles - Holiday, Recorded at Spotify Studios NYC",2020-12-01,3.96
Taylor Swift,willow,2020-12-01,3.09
Explosions In The Sky,Your Hand In Mine,2020-12-01,8.27
Explosions In The Sky,"Hello, Is This Your House?",2020-12-01,4.17
Explosions In The Sky,Gulab,2020-12-01,2.04
Explosions In The Sky,First Breath After Coma,2020-12-01,9.56
Explosions In The Sky,The Lift,2020-12-01,0.58
Explosions In The Sky,The Birth and Death of the Day - Jesu Mix,2020-12-01,2.72
Jukebox The Ghost,Undeniable You,2020-12-01,3.35
Dispatch,Skin the Rabbit,2020-12-01,3.69
Coast Modern,Guru,2020-12-01,3.4
Of Monsters and Men,Black Water - Chris Taylor Of Grizzly Bear Remix / Bonus Track,2020-12-01,2.86
Foreign Fields,Fake Arms,2020-12-01,6.48
Of Monsters and Men,Thousand Eyes,2020-12-01,4.01
Of Monsters and Men,Wolves Without Teeth,2020-12-01,3.88
Incubus,Pardon Me,2020-12-01,3.73
Conner Youngblood,Australia,2020-12-01,3.21
Conner Youngblood,A Summer Song,2020-12-01,5.83
Conner Youngblood,Heaviness,2020-12-01,4.63
Conner Youngblood,T X T N,2020-12-01,3.2
Conner Youngblood,Sulphur Springs,2020-12-01,3.5
Conner Youngblood,Pizza Body,2020-12-01,5.15
Conner Youngblood,Diamonds.,2020-12-01,3.51
Conner Youngblood,Aqua Regia,2020-12-01,3.87
Conner Youngblood,Scramble,2020-12-01,5.51
Conner Youngblood,Yellowknife - alt,2020-12-01,5.02
Conner Youngblood,Los Angeles,2020-12-01,3.71
Conner Youngblood,Please Don't Go,2020-12-01,4.6
Conner Youngblood,Pizza Body,2020-12-01,5.15
Conner Youngblood,Stockholm,2020-12-01,3.21
Conner Youngblood,Monsters,2020-12-01,3.4
Conner Youngblood,Australia - Edit,2020-12-01,4.26
Conner Youngblood,Confidence,2020-12-01,4.17
Lord Huron,The Night We Met,2020-12-01,3.47
Phoebe Bridgers,Punisher,2020-12-01,3.16
Apparat,Goodbye (with Soap & Skin),2020-12-01,4.49
The National,I Need My Girl,2020-12-01,4.09
Puzzle Muteson,By Night,2020-12-01,3.64
Joshua Burnside,And You Evade Him/Born in the Blood,2020-12-01,0.56
Daughter,Smother,2020-12-01,4.01
Agnes Obel,Riverside,2020-12-01,3.84
CLOVES,Don't Forget About Me,2020-12-01,4.48
SOAK,B a noBody,2020-12-01,4.8
London Grammar,Wasting My Young Years,2020-12-01,3.4
Fear of Men,Sane,2020-12-01,0.51
Spotify,Welcome,2020-12-01,0.2
Ben Folds,The Frown Song - Seeds Version,2020-12-01,3.63
Kyle Meredith With...,Kyle Meredith With... Ben Folds,2020-12-01,15.17
MUNA,I Know A Place - Acoustic,2020-12-01,4.86
Matt Maeson,Hallucinogenics (feat. Lana Del Rey),2020-12-01,3.11
EXES,One Day,2020-12-01,3.35
Frances Cone,Unraveling,2020-12-01,3.34
Son of Cloud,How to Love You Today,2020-12-01,3.85
Watsky,Theories,2020-12-01,5.44
Jukebox The Ghost,Hollywood,2020-12-01,3.43
Daughter,Doing the Right Thing,2020-12-01,5.25
Zella Day,Only A Dream,2020-12-01,3.51
Run River North,Hummingbird,2020-12-01,2.88
Conner Youngblood,Pizza Body,2020-12-01,5.15
Of Monsters and Men,We Sink,2020-12-01,4.36
The Strumbellas,Young & Wild,2020-12-01,4.47
KALEO,Way down We Go - Recorded at Spotify Studios NYC,2020-12-01,3.22
Super City ,Find You,2020-12-01,4.52
Jukebox The Ghost,Made For Ending - Solo Piano Version,2020-12-01,2.65
Rainbow Kitten Surprise,American Hero,2020-12-01,4.54
The Lonely Biscuits,Talk About,2020-12-01,0.41
Mating Ritual,U.N.I.,2020-12-01,2.62
Grant Landis,Even Butterflies Die,2020-12-01,0.46
Taylor Swift,illicit affairs,2020-12-01,3.18
Tuvaband,I Entered The Void - Quiet,2020-12-01,3.99
Amen Dunes,Believe,2020-12-01,1.5
The Weather Station,Thirty,2020-12-01,1.13
Eisley,Millstone,2020-12-01,1.8
Ben Folds Five,Emaline,2020-12-01,3.39
Lit,My Own Worst Enemy,2020-12-01,2.82
Ben Folds,The Frown Song - Seeds Version,2020-12-01,3.63
The Juliana Theory,We Make the Road by Walking,2020-12-01,3.87
The World Is A Beautiful Place & I Am No Longer Afraid To Die,Rage Against the Dying of the Light,2020-12-01,3.35
First Aid Kit,Shattered & Hollow,2020-12-01,4.08
The Wild Reeds,Capable,2020-12-01,0.57
Father John Misty,Chateau Lobby #4 (in C for Two Virgins),2020-12-01,0.06
The Woodlands,Making Love on the Mountain - Sexy Mix,2020-12-01,3.97
Damien Rice,I Remember,2020-12-01,3.12
Joy Williams,Front Porch,2021-01-01,3.86
Lord Huron,The Night We Met (feat. Phoebe Bridgers),2021-01-01,3.47
The Milk Carton Kids,A Sea of Roses,2021-01-01,3.33
Down Like Silver,Broken Coastline,2021-01-01,3.49
Dead Horses,Turntable,2021-01-01,3.27
Haux,Sister,2021-01-01,2.22
Hozier,Shrike,2021-01-01,5
Meadowlark,Fly - Acoustic,2021-01-01,3.53
Peter Oren,Falling Water,2021-01-01,3.31
William Fitzsimmons,Fortune - Acoustic,2021-01-01,3.8
Rosie Carney,Thousand (feat. Lisa Hannigan),2021-01-01,3.44
Mick Flannery,I'll Be out Here,2021-01-01,3.38
Lori McKenna,The Time I've Wasted,2021-01-01,3.55
Ray LaMontagne,Jolene,2021-01-01,4.16
Villagers,Nothing Arrived - Live from Spotify London,2021-01-01,3.65
Peter Bradley Adams,Little Flower,2021-01-01,6.25
Passenger,Simple Song,2021-01-01,3.81
Old Sea Brigade,Love Brought Weight,2021-01-01,3.09
Harrison Storm,Sense of Home,2021-01-01,4.43
Kina Grannis,For Now,2021-01-01,3.3
Henry Jamison,I Forget Myself (feat. Darlingside),2021-01-01,3.53
Lisa Hannigan,Fall,2021-01-01,2.99
Rose Cousins,The Swimmer (To Be an Old Man),2021-01-01,4.12
Mick Flannery,I'll Be out Here,2021-01-01,3.37
The Strumbellas,Spirits,2021-01-01,3.39
The Strumbellas,Shovels & Dirt,2021-01-01,4.03
The Strumbellas,We Don't Know,2021-01-01,4.55
The Strumbellas,Wars,2021-01-01,3.43
The Strumbellas,Dog,2021-01-01,3.41
The Strumbellas,The Hired Band,2021-01-01,3.83
The Strumbellas,Young & Wild,2021-01-01,4.46
The Strumbellas,The Night Will Save Us,2021-01-01,3.83
The Strumbellas,I Still Make Her Cry,2021-01-01,2.53
The Strumbellas,David,2021-01-01,4.53
The Strumbellas,Wild Sun,2021-01-01,4.49
Mipso,People Change,2021-01-01,3.54
Dead Horses,Turntable,2021-01-01,3.27
Joy Williams,Front Porch,2021-01-01,3.86
Gregory Alan Isakov,"If I Go, I'm Goin",2021-01-01,4.45
Donovan Woods,"Portland, Maine",2021-01-01,3.4
The Staves,Nothing's Gonna Happen (Demo),2021-01-01,3.94
The Paper Kites,Arms,2021-01-01,3.39
Meadows,The Only Boy Awake,2021-01-01,2.72
The Brother Brothers,Siren Song,2021-01-01,3.06
Humbird,Pharmakon,2021-01-01,2.59
Shannon Lay,Recording 15,2021-01-01,4.03
Hozier,Shrike,2021-01-01,5
Rosie Carney,Thousand (feat. Lisa Hannigan),2021-01-01,3.44
Jason Isbell and the 400 Unit,If We Were Vampires,2021-01-01,3.59
Joshua Burnside,Whiskey Whiskey,2021-01-01,2.83
William Fitzsimmons,Fortune - Acoustic,2021-01-01,3.8
Anna Mieke,Warped Window,2021-01-01,4.92
Ruston Kelly,Brave,2021-01-01,3.21
The Milk Carton Kids,Michigan,2021-01-01,5.5
Aisha Badru,Waiting Around - Acoustic,2021-01-01,2.55
Darlingside,Old Friend,2021-01-01,2.47
Craig Cardiff,Dirty Old Town,2021-01-01,4.1
Henry Jamison,Ether Garden,2021-01-01,2.79
Caiola,Alaska,2021-01-01,3.75
Haux,Sister,2021-01-01,2.23
Dan Auerbach,Never in My Wildest Dreams,2021-01-01,2.93
Joy Williams,The Trouble with Wanting,2021-01-01,3.93
Beta Radio,Tongue Tied - Acoustic,2021-01-01,3.08
Lorkin O'Reilly,Twist,2021-01-01,3.1
Lord Huron,The Night We Met (feat. Phoebe Bridgers),2021-01-01,3.47
Peter Bradley Adams,My Arms Were Always Around You,2021-01-01,3.33
Villagers,Nothing Arrived - Live from Spotify London,2021-01-01,3.65
The Avett Brothers,Victory,2021-01-01,3.89
Passenger,Simple Song,2021-01-01,3.8
Old Sea Brigade,Love Brought Weight,2021-01-01,3.09
Harrison Storm,Sense of Home,2021-01-01,4.43
Kina Grannis,For Now,2021-01-01,0.49
Hero Unknown,Sunshine State of Mind,2021-01-01,2.4
Hero Unknown,This Is It,2021-01-01,0.74
Brand New,The Quiet Things That No One Ever Knows,2021-01-01,4.03
Brand New,Sic Transit Gloria ... Glory Fades,2021-01-01,3.1
Brand New,Jesus Christ,2021-01-01,5.3
My Chemical Romance,I'm Not Okay (I Promise),2021-01-01,0.18
Brand New,The Boy Who Blocked His Own Shot,2021-01-01,0.46
Jimmy Eat World,The Middle,2021-01-01,2.76
Taking Back Sunday,Cute Without The 'E' (Cut From The Team) - Remastered,2021-01-01,0.49
Dessa,Who's Yellen Now?,2021-01-01,1.57
Frances England,You & Me,2021-02-01,0.49
Taylor Swift,Love Story (Taylor’s Version),2021-02-01,1.85
Cake,Short Skirt / Long Jacket,2021-02-01,3.4
Chase & Status,No Problem,2021-02-01,4.17
Alameda,Silver Hands,2021-02-01,3.1
Glasvegas,Daddy's Gone,2021-02-01,0.21
Alameda,Swollen Light,2021-02-01,3.42
Alameda,The Woods,2021-02-01,3.23
Alameda,Mantra,2021-02-01,1.21
Alameda,Arms Length,2021-02-01,3.67
Alameda,Limbs of Youth,2021-02-01,3.21
Alameda,Oaxaca (Live),2021-02-01,3.63
Alameda,Denver (Live),2021-02-01,3.02
Alameda,Summer Dharma (Ode to Jack Spicer),2021-02-01,3.39
Alameda,Winter Dharma,2021-02-01,2.53
Alameda,Swollen Light,2021-02-01,3.42
Alameda,Before This War,2021-02-01,3.16
Alameda,Slow Beginnings (Live),2021-02-01,3.44
Alameda,Low Oriole,2021-02-01,3.11
Alameda,Ozarks,2021-02-01,1.63
The Cinematic Orchestra,To Build A Home,2021-02-01,6.16
The Cinematic Orchestra,Arrival of the Birds,2021-02-01,2.62
The Cinematic Orchestra,That Home,2021-02-01,1.88
The Cinematic Orchestra,To Believe,2021-02-01,5.46
The Cinematic Orchestra,Transformation,2021-02-01,5.27
The Cinematic Orchestra,A Caged Bird/Imitations of Life,2021-02-01,0.34
Taylor Swift,the 1,2021-02-01,3.5
Taylor Swift,cardigan,2021-02-01,3.99
Taylor Swift,the last great american dynasty,2021-02-01,3.83
Taylor Swift,exile (feat. Bon Iver),2021-02-01,4.76
Taylor Swift,my tears ricochet,2021-02-01,4.26
Taylor Swift,mirrorball,2021-02-01,3.48
Taylor Swift,seven,2021-02-01,3.48
Taylor Swift,august,2021-02-01,4.37
Taylor Swift,this is me trying,2021-02-01,3.25
Taylor Swift,illicit affairs,2021-02-01,3.17
Taylor Swift,invisible string,2021-02-01,4.21
Taylor Swift,mad woman,2021-02-01,1.5
Weezer,All My Favorite Songs,2021-02-01,3.38
Weezer,Aloo Gobi,2021-02-01,3.06
Weezer,Grapes Of Wrath,2021-02-01,2.71
Weezer,All My Favorite Songs,2021-02-01,3.38
Weezer,Aloo Gobi,2021-02-01,3.06
Weezer,Grapes Of Wrath,2021-02-01,2.83
Weezer,Numbers,2021-02-01,3.33
Weezer,Playing My Piano,2021-02-01,2.6
Weezer,Mirror Image,2021-02-01,1.28
Weezer,Screens,2021-02-01,2.2
Weezer,Bird With A Broken Wing,2021-02-01,3.85
Weezer,Dead Roses,2021-02-01,2.28
Weezer,Everything Happens For A Reason,2021-02-01,0.39
Weezer,Here Comes The Rain,2021-02-01,2.45
Weezer,La Brea Tar Pits,2021-02-01,2.83
Weezer,Grapes Of Wrath,2021-02-01,2.83
Weezer,Numbers,2021-02-01,3.33
Weezer,Bird With A Broken Wing,2021-02-01,0.03
Weezer,Screens,2021-02-01,0.04
Weezer,Playing My Piano,2021-02-01,0.56
Weezer,Mirror Image,2021-02-01,0.06
Weezer,Dead Roses,2021-02-01,2.28
Weezer,Everything Happens For A Reason,2021-02-01,0.39
Weezer,Here Comes The Rain,2021-02-01,0
grandson,Dirty,2021-02-01,3.47
Glass Animals,Heat Waves,2021-02-01,4
KennyHoopla,estella//,2021-02-01,1.98
YUNGBLUD,acting like that (feat. Machine Gun Kelly),2021-02-01,0.39
YUNGBLUD,acting like that (feat. Machine Gun Kelly),2021-02-01,2.79
MOD SUN,Flames (feat. Avril Lavigne),2021-02-01,2.53
Royal & the Serpent,i can't get high,2021-02-01,3.13
The Band CAMINO,1 Last Cigarette,2021-02-01,3.1
Jagwar Twin,Happy Face,2021-02-01,2.83
Oliver Tree,Out of Ordinary,2021-02-01,3
I DONT KNOW HOW BUT THEY FOUND ME,Leave Me Alone,2021-02-01,3.59
A Day To Remember,Everything We Need,2021-02-01,3.08
Trippie Redd,PILL BREAKER (feat. blackbear & Machine Gun Kelly),2021-02-01,2.95
Mike Shinoda,Happy Endings (feat. iann dior and UPSAHL),2021-02-01,3.54
Christian Leave,Filth,2021-02-01,3.9
Mobley,James Crow,2021-02-01,0.14
Weezer,All My Favorite Songs,2021-02-01,3.38
Weezer,Aloo Gobi,2021-02-01,3.06
Weezer,Grapes Of Wrath,2021-02-01,2.83
Weezer,Numbers,2021-02-01,3.33
Weezer,Playing My Piano,2021-02-01,2.6
Weezer,Mirror Image,2021-02-01,1.28
Weezer,Screens,2021-02-01,2.2
Weezer,Bird With A Broken Wing,2021-02-01,3.85
Weezer,Dead Roses,2021-02-01,2.28
Weezer,Everything Happens For A Reason,2021-02-01,0.39
Weezer,Here Comes The Rain,2021-02-01,2.45
Weezer,La Brea Tar Pits,2021-02-01,2.83
The New Pornographers,Challengers,2021-02-01,3.52
Deer Tick,Clownin Around,2021-02-01,4.42
TOTO,Africa,2021-02-01,4.93
Pop Levi,Wannamama,2021-02-01,3.5
Iggy Pop,Pumpin' for Jill,2021-02-01,4.55
The Antlers,Kettering,2021-02-01,5.18
Maino,Here Comes Trouble,2021-02-01,3.24
Blitzen Trapper,Love the Way You Walk Away,2021-02-01,3.67
Bright Eyes,First Day Of My Life,2021-03-01,2.91
Weezer,All My Favorite Songs,2021-03-01,3.38
Weezer,Dead Roses,2021-03-01,2.28
Weezer,Grapes Of Wrath,2021-03-01,2.83
Weezer,Playing My Piano,2021-03-01,2.6
Weezer,Screens,2021-03-01,2.19
Weezer,Everything Happens For A Reason,2021-03-01,0.39
Weezer,Numbers,2021-03-01,3.33
Weezer,Bird With A Broken Wing,2021-03-01,3.85
Weezer,Here Comes The Rain,2021-03-01,2.45
Weezer,Aloo Gobi,2021-03-01,3.06
Weezer,La Brea Tar Pits,2021-03-01,2.82
Weezer,All My Favorite Songs,2021-03-01,3.37
Weezer,Here Comes The Rain,2021-03-01,2.45
Weezer,Numbers,2021-03-01,3.33
Weezer,Screens,2021-03-01,2.19
Weezer,Grapes Of Wrath,2021-03-01,2.83
Weezer,Aloo Gobi,2021-03-01,0.56
Alameda,Silver Hands,2021-03-01,3.1
Alameda,Afire,2021-03-01,3.86
Alameda,Winter Dharma,2021-03-01,2.53
Alameda,Summer Dharma (Live),2021-03-01,3.86
Alameda,Colfax,2021-03-01,2.35
Alameda,Silver Hands,2021-03-01,3.1
Alameda,Cutting Teeth,2021-03-01,3.8
Alameda,Mantra,2021-03-01,1.21
Alameda,Lullaby,2021-03-01,1.96
Alameda,Colfax,2021-03-01,3.8
Alameda,Cutting Teeth,2021-03-01,2.86
Alameda,Silver Hands,2021-03-01,3.1
Alameda,Denver (Live),2021-03-01,3.01
Alameda,Summer Dharma (Ode to Jack Spicer),2021-03-01,3.39
Alameda,New Leaf,2021-03-01,2.96
Alameda,Little Lives,2021-03-01,3.97
Alameda,Low Oriole (Live),2021-03-01,3.29
Alameda,Fortunate Vices,2021-03-01,0.34
Alameda,Silver Hands,2021-03-01,3.1
Alameda,Oaxaca (Live),2021-03-01,3.63
Alameda,Flowers Bending Through,2021-03-01,3.82
Taylor Swift,epiphany,2021-03-01,0.16
Taylor Swift,the 1,2021-03-01,3.5
Taylor Swift,cardigan,2021-03-01,3.99
Taylor Swift,the last great american dynasty,2021-03-01,3.83
Taylor Swift,exile (feat. Bon Iver),2021-03-01,2.62
London Grammar,Wasting My Young Years,2021-03-01,3.4
Lord Huron,The Night We Met,2021-03-01,3.47
Apparat,Goodbye (with Soap & Skin),2021-03-01,4.49
Phoebe Bridgers,Punisher,2021-03-01,3.16
The National,I Need My Girl,2021-03-01,4.09
Puzzle Muteson,By Night,2021-03-01,3.64
CLOVES,Don't Forget About Me,2021-03-01,4.48
Joshua Burnside,And You Evade Him/Born in the Blood,2021-03-01,0.63
Daughter,Smother,2021-03-01,4
Agnes Obel,Riverside,2021-03-01,3.81
SOAK,B a noBody,2021-03-01,4.8
Fear of Men,Sane,2021-03-01,4.7
RY X,Deliverance,2021-03-01,3.83
Samantha Crain,Joey,2021-03-01,4.67
In The Valley Below,Hymnal,2021-03-01,4.44
Marika Hackman,Deep Green,2021-03-01,3.59
Broods,Sleep Baby Sleep,2021-03-01,3
London Grammar,Hey Now,2021-03-01,3.45
Adna,Beautiful Hell,2021-03-01,2.93
Hozier,Arsonist's Lullabye,2021-03-01,4.44
Monica Heldal,Swan,2021-03-01,5.47
Wickerbird,The Fold,2021-03-01,3.6
Jill Andrews,Lost It All,2021-03-01,3.73
BANKS,Waiting Game,2021-03-01,3.46
Tusks,Toronto,2021-03-01,3.32
The National,The System Only Dreams in Total Darkness,2021-03-01,3.95
The Deep Dark Woods,Drifting on a Summer's Night,2021-03-01,2.91
Ben Howard,In Dreams,2021-03-01,3.56
Dermot Kennedy,Glory,2021-03-01,3.7
Twin Caverns,Swell,2021-03-01,4.06
Father John Misty,O I Long to Feel Your Arms Around Me,2021-03-01,2.38
Tash Sultana,Notion,2021-03-01,5.68
Liz Longley,Rescue My Heart,2021-03-01,3.43
Vera Sola,The Cage,2021-03-01,4.67
Brooke Annibale,Hold On,2021-03-01,3.56
Mt. Wolf,Bohemia,2021-03-01,5.27
Emily Jane White,Hands,2021-03-01,3.37
Emily Jane White,Washed Away,2021-03-01,3.94
Aoife O'Donovan,The King of All Birds,2021-03-01,3.94
Glass Animals,Heat Waves,2021-03-01,1.43
Alameda,Silver Hands,2021-03-01,3.1
Alameda,Swollen Light,2021-03-01,3.42
Alameda,New Leaf,2021-03-01,2.96
Alameda,Colfax,2021-03-01,3.8
Alameda,Summer Dharma (Ode to Jack Spicer),2021-03-01,1.16
Julien Baker,Appointments,2021-03-01,0.01
Cary Brothers,O Holy Night,2021-03-01,2.86
Cary Brothers,Belong,2021-03-01,1.32
Hero Unknown,Faith in the Future,2021-03-01,1.92
Cary Brothers,Blue Eyes,2021-03-01,0.49
Alameda,Silver Hands,2021-03-01,3.1
Alameda,Swollen Light,2021-03-01,3.42
Alameda,New Leaf,2021-03-01,2.96
Alameda,Colfax,2021-03-01,3.8
Alameda,Hospice,2021-03-01,3.97
Alameda,Little Lives,2021-03-01,3.97
Alameda,Before This War,2021-03-01,3.16
Alameda,A Violence,2021-03-01,3.91
Alameda,Time of Transference,2021-03-01,3.87
Alameda,Ozarks,2021-03-01,4.17
Alameda,Little Lives,2021-03-01,1.44
Alameda,Silver Hands,2021-03-01,3.1
Alameda,Swollen Light,2021-03-01,3.42
Alameda,New Leaf,2021-03-01,2.96
Alameda,Colfax,2021-03-01,3.8
Alameda,Hospice,2021-03-01,3.97
Alameda,Little Lives,2021-03-01,3.97
Alameda,Before This War,2021-03-01,3.16
Alameda,A Violence,2021-03-01,3.91
Alameda,Time of Transference,2021-03-01,3.88
Alameda,Ozarks,2021-03-01,4.17
Alameda,Little Lives,2021-03-01,3.97
Alameda,Hospice,2021-03-01,3.97
Alameda,Before This War,2021-03-01,3.16
Alameda,Arms Length,2021-03-01,0.86
Alameda,Silver Hands,2021-03-01,3.1
Alameda,Swollen Light,2021-03-01,3.42
Alameda,New Leaf,2021-03-01,1.43
Alameda,Silver Hands,2021-03-01,3.1
Alameda,Swollen Light,2021-03-01,3.42
Alameda,New Leaf,2021-03-01,2.96
Alameda,Colfax,2021-03-01,3.8
Alameda,Hospice,2021-03-01,3.97
Alameda,Time of Transference,2021-03-01,3.87
Alameda,Summer Dharma (Ode to Jack Spicer),2021-03-01,3.39
Alameda,Little Lives,2021-03-01,3.97
Alameda,A Violence,2021-03-01,3.91
Alameda,Ozarks,2021-03-01,4.17
Alameda,Little Lives,2021-03-01,0.86
Weezer,All My Favorite Songs,2021-03-01,3.38
Weezer,Aloo Gobi,2021-03-01,3.06
Weezer,Grapes Of Wrath,2021-03-01,2.83
Weezer,Numbers,2021-03-01,3.33
Weezer,Playing My Piano,2021-03-01,2.6
Weezer,Mirror Image,2021-03-01,1.28
Weezer,Screens,2021-03-01,2.2
Weezer,Bird With A Broken Wing,2021-03-01,3.85
Weezer,Dead Roses,2021-03-01,2.28
Weezer,Everything Happens For A Reason,2021-03-01,0.39
Weezer,Here Comes The Rain,2021-03-01,2.45
Weezer,La Brea Tar Pits,2021-03-01,2.83
Alameda,Silver Hands,2021-03-01,3.1
Alameda,Swollen Light,2021-03-01,3.42
Alameda,New Leaf,2021-03-01,2.95
Alameda,Hospice,2021-03-01,3.23
All Time Low,Once In A Lifetime,2021-03-01,3.16
Royal & the Serpent,i can't get high,2021-03-01,3.13
grandson,Dirty,2021-03-01,3.47
DE'WAYNE,Perfume (feat. Awsten Knight),2021-03-01,2.83
Olive Amun,Blues,2021-03-01,2.5
Mike Shinoda,Happy Endings (feat. iann dior and UPSAHL),2021-03-01,2.68
Mike Shinoda,Happy Endings (feat. iann dior and UPSAHL),2021-03-01,0.86
Sub Urban,PATCHWERK (with Two Feet),2021-03-01,2.36
Glass Animals,Heat Waves,2021-03-01,3.98
Imagine Dragons,Follow You,2021-03-01,2.93
Nessa Barrett,la di die (feat. jxdn),2021-03-01,3.25
MOD SUN,Heavy (feat. blackbear),2021-03-01,2.79
The Band CAMINO,1 Last Cigarette,2021-03-01,3.1
Jagwar Twin,Happy Face,2021-03-01,2.83
DREAMERS,Palm Reader,2021-03-01,3
YUNGBLUD,acting like that (feat. Machine Gun Kelly),2021-03-01,3.18
I DONT KNOW HOW BUT THEY FOUND ME,Leave Me Alone,2021-03-01,3.59
Justin Bieber,Unstable (feat. The Kid LAROI),2021-03-01,2.64
Inhaler,Cheer Up Baby,2021-03-01,3.9
morgxn,PUMP THE BREAK,2021-03-01,0.37
Young Rising Sons,Sunday Sunshine,2021-03-01,4.16
A Day To Remember,Everything We Need,2021-03-01,3.09
Mother Mother,I Got Love,2021-03-01,2.87
Trippie Redd,PILL BREAKER (feat. blackbear & Machine Gun Kelly),2021-03-01,2.95
AJR,Way Less Sad,2021-03-01,3.43
Weathers,C'est la vie,2021-03-01,3.23
KennyHoopla,estella//,2021-03-01,1.98
Casper The Ghost,Again,2021-03-01,2.65
TWIN XL,Slow Heart,2021-03-01,3.16
phem,congratulations,2021-03-01,2.2
J.Scott,So Sorry,2021-03-01,2.86
Lauran Hibberd,How Am I Still Alive? (with Lydia Night),2021-03-01,3.2
Nathan Day,Fade Like You,2021-03-01,3.4
MISSIO,Vagabond (feat. Czarface),2021-03-01,3.82
"nothing,nowhere.",fake friend,2021-03-01,2.82
Joywave,After Coffee,2021-03-01,3.27
Badflower,F*ck The World,2021-03-01,4.73
YONAKA,Seize the Power,2021-03-01,2.69
Friday Pilots Club,I Don't Care,2021-03-01,3.89
Mob Rich,Everything and Nothing,2021-03-01,3.12
Cage The Elephant,Skin and Bones,2021-03-01,3.27
Grouplove,Deadline,2021-03-01,3.64
Two Feet,Never Enough,2021-03-01,2.71
MOD SUN,Flames (feat. Avril Lavigne),2021-03-01,2.53
Amy Shark,Baby Steps,2021-03-01,3.2
girl in red,Serotonin,2021-03-01,3.04
Rag'n'Bone Man,All You Ever Wanted,2021-03-01,3.11
Little Hurt,Messed Up,2021-03-01,2.61
UPSAHL,People I Don't Like,2021-03-01,2.38
Dead Poet Society,I Never Loved Myself Like I Loved You,2021-03-01,4.36
benny blanco,You (with Marshmello & Vance Joy),2021-03-01,2.83
godz,bad blood,2021-03-01,3.39
Lilith Czar,King,2021-03-01,0.91
ONR,Must Stop (Falling in Love) [feat. Sarah Barthel of Phantogram],2021-03-01,3.58
Culture Wars,Leave Me Alone,2021-03-01,3.04
New Dialogue,Flesh & Blood (feat. Smallpools),2021-03-01,1.06
Boy Destroy,You Don't Want Me When I'm Sober,2021-03-01,2.83
Manchester Orchestra,Bed Head,2021-03-01,4.07
Oliver Tree,Out of Ordinary,2021-03-01,3
D'Arcy Spiller,Wolf Blood,2021-03-01,3.13
Chad Tepper,I Wanna Be Your High,2021-03-01,3.12
Don Diablo,Kill Me Better - Travis Barker Alt Version,2021-03-01,3.25
Rezz,Someone Else,2021-03-01,0.49
Weezer,My Name Is Jonas,2021-03-01,3.4
Weezer,No One Else,2021-03-01,3.07
Weezer,The World Has Turned And Left Me Here,2021-03-01,4.32
Weezer,Buddy Holly,2021-03-01,2.65
Weezer,Undone - The Sweater Song,2021-03-01,5.09
Weezer,Surf Wax America,2021-03-01,3.11
Weezer,Say It Ain't So,2021-03-01,4.31
Weezer,In The Garage,2021-03-01,3.93
Weezer,Holiday,2021-03-01,3.41
Weezer,Only In Dreams,2021-04-01,6.45
Weezer,Tired Of Sex,2021-04-01,3.03
Weezer,Getchoo,2021-04-01,2.87
Weezer,No Other One,2021-04-01,3.02
Weezer,Why Bother?,2021-04-01,2.14
Weezer,Across The Sea,2021-04-01,4.55
Weezer,The Good Life,2021-04-01,4.28
Weezer,El Scorcho,2021-04-01,4.05
Weezer,Pink Triangle,2021-04-01,3.97
Weezer,Falling For You,2021-04-01,3.8
Weezer,Butterfly,2021-04-01,2.89
Weezer,Don't Let Go,2021-04-01,2.99
Weezer,Photograph,2021-04-01,2.32
Weezer,Hash Pipe,2021-04-01,3.1
Weezer,Island In The Sun,2021-04-01,3.33
Weezer,Crab,2021-04-01,2.57
Weezer,Knockdown Dragout,2021-04-01,2.14
Weezer,Smile,2021-04-01,2.64
Weezer,Simple Pages,2021-04-01,2.95
Weezer,Glorious Day,2021-04-01,2.66
Weezer,O Girlfriend,2021-04-01,3.83
Alameda,Silver Hands,2021-04-01,3.1
Alameda,New Leaf,2021-04-01,2.96
Alameda,Swollen Light,2021-04-01,3.42
Alameda,Hospice,2021-04-01,3.97
Alameda,Colfax,2021-04-01,3.8
Alameda,Summer Dharma (Ode to Jack Spicer),2021-04-01,3.39
Alameda,Little Lives,2021-04-01,3.97
Alameda,Time of Transference,2021-04-01,1.8
Taylor Swift,the 1,2021-04-01,3.5
Taylor Swift,cardigan,2021-04-01,3.99
Taylor Swift,the last great american dynasty,2021-04-01,3.83
Taylor Swift,exile (feat. Bon Iver),2021-04-01,4.76
Taylor Swift,my tears ricochet,2021-04-01,4.26
AJR,OK Overture,2021-04-01,4.53
AJR,Bummerland,2021-04-01,3.15
AJR,3 O'Clock Things,2021-04-01,3.81
AJR,My Play,2021-04-01,3.16
Taylor Swift,mirrorball,2021-04-01,2.43
AJR,Joe,2021-04-01,2.11
AJR,Joe,2021-04-01,1.75
AJR,Adventure Is Out There,2021-04-01,3.52
AJR,Bang!,2021-04-01,2.83
AJR,The Trick,2021-04-01,2.83
AJR,Ordinaryish People (feat. Blue Man Group),2021-04-01,3.67
AJR,Humpty Dumpty,2021-04-01,3.63
AJR,World's Smallest Violin,2021-04-01,3
AJR,Way Less Sad,2021-04-01,3.43
AJR,Christmas in June,2021-04-01,4.65
Alameda,Silver Hands,2021-04-01,3.1
Alameda,New Leaf,2021-04-01,2.96
Alameda,Swollen Light,2021-04-01,0.17
Alameda,Hospice,2021-04-01,0.03
Alameda,Colfax,2021-04-01,0.73
Dermot Kennedy,For Island Fires and Family,2021-04-01,4.76
Tired Pony,Get on the Road,2021-04-01,4.87
The Strumbellas,Wild Sun,2021-04-01,4.49
Donovan Woods,"Portland, Maine",2021-04-01,1.64
Donovan Woods,"Portland, Maine",2021-04-01,3.39
Donovan Woods,I Ain't Ever Loved No One - Acoustic,2021-04-01,3.32
Donovan Woods,It'll Work Itself Out,2021-04-01,1.23
Donovan Woods,"Portland, Maine",2021-04-01,2.18
Donovan Woods,"Portland, Maine",2021-04-01,3.4
Donovan Woods,I Ain't Ever Loved No One - Acoustic,2021-04-01,3.32
Donovan Woods,It'll Work Itself Out,2021-04-01,3.05
Donovan Woods,Another Way,2021-04-01,4.19
Donovan Woods,When the Party's Over,2021-04-01,1.11
Alameda,Silver Hands,2021-04-01,3.1
Alameda,New Leaf,2021-04-01,2.96
Alameda,Swollen Light,2021-04-01,3.42
Alameda,Hospice,2021-04-01,3.97
Alameda,Colfax,2021-04-01,3.8
Alameda,Summer Dharma (Ode to Jack Spicer),2021-04-01,3.39
Alameda,Time of Transference,2021-04-01,3.88
Alameda,Little Lives,2021-04-01,3.97
Alameda,A Violence,2021-04-01,3.91
Alameda,Before This War,2021-04-01,3.16
Alameda,Little Lives,2021-04-01,2.04
Monica Heldal,Swan,2021-04-01,5.47
Emily Jane White,Washed Away,2021-04-01,3.94
Bjéar,Firefall,2021-04-01,5.98
Donovan Woods,I Ain't Ever Loved No One - Acoustic,2021-04-01,3.33
Old Sea Brigade,Love Brought Weight,2021-04-01,3.09
Mandolin Orange,Take This Heart of Gold,2021-04-01,3.75
RY X,Deliverance,2021-04-01,3.83
Tuvaband,Trees,2021-04-01,3.58
Joy Williams,The Trouble with Wanting,2021-04-01,3.92
Agnes Obel,Riverside,2021-04-01,3.81
Mipso,Louise,2021-04-01,4.45
Ryan Montbleau,I Was Just Leaving,2021-04-01,2.97
Belle Mt.,Hollow - Acoustic,2021-04-01,3.94
Aoife O'Donovan,The King of All Birds,2021-04-01,3.94
Donovan Woods,"Portland, Maine",2021-04-01,3.4
Mipso,Coming Down the Mountain,2021-04-01,1.11
Henry Jamison,Real Peach,2021-04-01,1.4
Henry Jamison,I Forget Myself (feat. Darlingside),2021-04-01,3.53
Henry Jamison,Real Peach,2021-04-01,3.89
Henry Jamison,Ether Garden,2021-04-01,2.79
Henry Jamison,The Rains,2021-04-01,2.2
George Taylor,"I Hear Your Song, Sweetness",2021-04-01,3.9
Rosie Carney,Thousand (feat. Lisa Hannigan),2021-04-01,3.44
Good Old War,Part of Me,2021-04-01,3.04
Donovan Woods,Another Way,2021-04-01,4.19
Hollow Coves,Home,2021-04-01,3.37
Yoke Lore,Truly Madly Deeply - Recorded at Spotify Studios NYC,2021-04-01,2.99
Yoke Lore,Beige,2021-04-01,1.62
The Weather Station,Thirty,2021-04-01,1.1
Rayland Baxter,The Mtn Song,2021-04-01,0.73
Wickerbird,The Fold,2021-04-01,3.61
Tuvaband,(It's Not About) Running,2021-04-01,4.1
Tired Pony,Get on the Road,2021-04-01,4.87
Ray LaMontagne,Such A Simple Thing,2021-04-01,4.94
Donovan Woods,It'll Work Itself Out,2021-04-01,3.04
Dermot Kennedy,A closeness,2021-04-01,4.19
The Stray Birds,Dream in Blue,2021-04-01,3.53
Mark Kozelek,You Missed My Heart,2021-04-01,6.19
Ben Howard,In Dreams,2021-04-01,3.56
Dermot Kennedy,For Island Fires and Family,2021-04-01,4.76
Lewis Watson,little light (acoustic version),2021-04-01,4.27
Craig Cardiff,Dirty Old Town,2021-04-01,4.1
Gregory Alan Isakov,Fire Escape,2021-04-01,1.54
Dermot Kennedy,After Rain,2021-04-01,4.9
Anna Mieke,Warped Window,2021-04-01,0.43
Alameda,Silver Hands,2021-04-01,3.1
Alameda,Swollen Light,2021-04-01,3.42
Alameda,New Leaf,2021-04-01,0.28
Twenty One Pilots,Shy Away,2021-04-01,2.92
DREAMERS,Palm Reader,2021-04-01,3
Nessa Barrett,la di die (feat. jxdn),2021-04-01,3.25
Two Feet,Flatline,2021-04-01,2.9
Alice Merton,Vertigo,2021-04-01,3.1
Mike Shinoda,Happy Endings (feat. iann dior and UPSAHL),2021-04-01,3.54
Royal & the Serpent,i can't get high,2021-04-01,3.13
Sueco,SOS (feat. Travis Barker),2021-04-01,0.17
Sueco,SOS (feat. Travis Barker),2021-04-01,2.66
carolesdaughter,Trailer Trash,2021-04-01,2.53
Jagwar Twin,Happy Face,2021-04-01,2.83
Sub Urban,PATCHWERK (with Two Feet),2021-04-01,2.36
The Band CAMINO,1 Last Cigarette,2021-04-01,3.1
Glass Animals,Heat Waves,2021-04-01,3.98
Imagine Dragons,Follow You,2021-04-01,2.93
Briston Maroney,Bottle Rocket,2021-04-01,0.42
gabriel black,king of the nosebleeds,2021-04-01,2.71
AJR,OK Overture,2021-04-01,4.53
AJR,Bummerland,2021-04-01,3.15
AJR,3 O'Clock Things,2021-04-01,1.78
Motion City Soundtrack,Worker Bee,2021-04-01,2.41
Motion City Soundtrack,A Life Less Ordinary (Need a Little Help),2021-04-01,3.4
Motion City Soundtrack,Her Words Destroyed My Planet,2021-04-01,3.62
Motion City Soundtrack,Disappear,2021-04-01,3.2
Motion City Soundtrack,Delirium,2021-04-01,3.46
Motion City Soundtrack,History Lesson,2021-04-01,2.56
Motion City Soundtrack,Stand Too Close,2021-04-01,2.78
Motion City Soundtrack,Pulp Fiction,2021-04-01,3.88
Motion City Soundtrack,@!#?@!,2021-04-01,2.98
Motion City Soundtrack,Hysteria,2021-04-01,3.09
Motion City Soundtrack,Skin and Bones,2021-04-01,3.6
Motion City Soundtrack,The Weakends,2021-04-01,4.79
Say Anything,Belt,2021-04-01,4.99
Say Anything,Woe,2021-04-01,3.95
Say Anything,The Writhing South,2021-04-01,4.78
Say Anything,Alive With the Glory of Love,2021-04-01,4.25
Say Anything,Yellow Cat (Slash) Red Cat,2021-04-01,5.29
Say Anything,The Futile,2021-04-01,2.75
Say Anything,Spidersong,2021-04-01,3.99
Say Anything,An Orgy of Critics,2021-04-01,3.94
Say Anything,Every Man has a Molly,2021-04-01,3.08
Say Anything,"Slowly, Through a Vector",2021-04-01,4.66
Say Anything,"Chia-Like, I Shall Grow",2021-04-01,3.48
AJR,OK Overture,2021-04-01,4.53
AJR,Bummerland,2021-04-01,3.15
AJR,3 O'Clock Things,2021-04-01,3.81
AJR,My Play,2021-04-01,3.16
AJR,Joe,2021-04-01,3.54
AJR,Adventure Is Out There,2021-04-01,3.51
AJR,Bang!,2021-04-01,2.83
AJR,The Trick,2021-04-01,2.83
AJR,Ordinaryish People (feat. Blue Man Group),2021-04-01,3.66
AJR,Humpty Dumpty,2021-04-01,3.63
AJR,World's Smallest Violin,2021-04-01,3
AJR,Way Less Sad,2021-04-01,3.44
AJR,Christmas in June,2021-04-01,4.65
AJR,OK Overture,2021-04-01,4.53
AJR,Bummerland,2021-04-01,3.15
AJR,3 O'Clock Things,2021-04-01,3.8
AJR,My Play,2021-04-01,3.17
AJR,OK Overture,2021-04-01,4.53
AJR,Bummerland,2021-04-01,3.15
AJR,3 O'Clock Things,2021-04-01,3.81
AJR,My Play,2021-04-01,0.48
AJR,OK Overture,2021-04-01,4.53
AJR,Bummerland,2021-04-01,3.15
AJR,3 O'Clock Things,2021-04-01,3.8
AJR,My Play,2021-04-01,3.17
AJR,Joe,2021-04-01,3.54
AJR,Adventure Is Out There,2021-04-01,0.71
AJR,Adventure Is Out There,2021-04-01,0
AJR,OK Overture,2021-04-01,5.12
AJR,Bummerland,2021-04-01,3.15
AJR,3 O'Clock Things,2021-04-01,3.8
AJR,My Play,2021-04-01,3.16
AJR,Joe,2021-04-01,3.54
AJR,Adventure Is Out There,2021-04-01,3.52
AJR,Bang!,2021-04-01,2.83
AJR,The Trick,2021-04-01,2.83
AJR,Ordinaryish People (feat. Blue Man Group),2021-04-01,3.67
AJR,Humpty Dumpty,2021-04-01,3.62
AJR,World's Smallest Violin,2021-04-01,3
AJR,Way Less Sad,2021-04-01,3.43
AJR,Christmas in June,2021-04-01,4.65
Alameda,Silver Hands,2021-04-01,3.1
Alameda,Swollen Light,2021-04-01,3.42
Alameda,New Leaf,2021-04-01,1.69
Weezer,All My Favorite Songs,2021-04-01,3.38
Weezer,Aloo Gobi,2021-04-01,3.06
Weezer,Grapes Of Wrath,2021-04-01,2.83
Weezer,Numbers,2021-04-01,3.33
Weezer,Playing My Piano,2021-04-01,2.6
Weezer,Mirror Image,2021-04-01,1.28
Weezer,Screens,2021-05-01,1.56
AJR,OK Overture,2021-05-01,4.53
AJR,Bummerland,2021-05-01,3.15
AJR,3 O'Clock Things,2021-05-01,3.81
AJR,My Play,2021-05-01,3.16
Weezer,All My Favorite Songs,2021-05-01,3.38
Weezer,Aloo Gobi,2021-05-01,3.06
Weezer,Grapes Of Wrath,2021-05-01,2.83
Weezer,Numbers,2021-05-01,3.33
Weezer,Playing My Piano,2021-05-01,2.6
Weezer,Mirror Image,2021-05-01,1.28
Weezer,Screens,2021-05-01,2.2
Weezer,Bird With A Broken Wing,2021-05-01,3.85
Weezer,Dead Roses,2021-05-01,2.28
Weezer,Everything Happens For A Reason,2021-05-01,0.39
Weezer,Here Comes The Rain,2021-05-01,2.45
Weezer,La Brea Tar Pits,2021-05-01,2.83
Alameda,Silver Hands,2021-05-01,3.1
Alameda,Swollen Light,2021-05-01,3.42
Alameda,New Leaf,2021-05-01,2.96
Alameda,Before This War,2021-05-01,3.16
Alameda,Summer Dharma (Ode to Jack Spicer),2021-05-01,3.39
Alameda,Time of Transference,2021-05-01,0.59
Motion City Soundtrack,Worker Bee,2021-05-01,2.41
Motion City Soundtrack,A Life Less Ordinary (Need a Little Help),2021-05-01,3.4
Motion City Soundtrack,Her Words Destroyed My Planet,2021-05-01,3.62
Motion City Soundtrack,Disappear,2021-05-01,3.21
Motion City Soundtrack,Delirium,2021-05-01,2.97
Taylor Swift,the 1,2021-05-01,3.5
Taylor Swift,cardigan,2021-05-01,3.99
Taylor Swift,the last great american dynasty,2021-05-01,3.83
Taylor Swift,exile (feat. Bon Iver),2021-05-01,4.76
Taylor Swift,my tears ricochet,2021-05-01,4.26
Taylor Swift,mirrorball,2021-05-01,1.26
AJR,OK Overture,2021-05-01,4.53
AJR,Bummerland,2021-05-01,3.15
AJR,3 O'Clock Things,2021-05-01,3.8
AJR,My Play,2021-05-01,3.17
Weezer,All My Favorite Songs,2021-05-01,3.38
Weezer,Aloo Gobi,2021-05-01,3.06
Weezer,Grapes Of Wrath,2021-05-01,2.83
Weezer,Numbers,2021-05-01,3.33
Weezer,Playing My Piano,2021-05-01,2.6
Weezer,Mirror Image,2021-05-01,1.28
Weezer,Screens,2021-05-01,2.2
Weezer,Bird With A Broken Wing,2021-05-01,3.85
Weezer,Dead Roses,2021-05-01,2.28
Taylor Swift,the 1,2021-05-01,3.5
Taylor Swift,cardigan,2021-05-01,3.99
Taylor Swift,the last great american dynasty,2021-05-01,3.85
Taylor Swift,exile (feat. Bon Iver),2021-05-01,3.59
Taylor Swift,exile (feat. Bon Iver),2021-05-01,1.18
Taylor Swift,my tears ricochet,2021-05-01,4.26
Taylor Swift,mirrorball,2021-05-01,3.48
Taylor Swift,seven,2021-05-01,3.48
Taylor Swift,august,2021-05-01,4.36
Taylor Swift,this is me trying,2021-05-01,3.25
Taylor Swift,illicit affairs,2021-05-01,3.18
Taylor Swift,invisible string,2021-05-01,4.21
Taylor Swift,mad woman,2021-05-01,3.97
Taylor Swift,epiphany,2021-05-01,4.83
Taylor Swift,betty,2021-05-01,4.91
Taylor Swift,peace,2021-05-01,3.9
Taylor Swift,hoax,2021-05-01,3.67
Alameda,Silver Hands,2021-05-01,3.11
Alameda,Swollen Light,2021-05-01,1.94
Gregory Alan Isakov,That Moon Song,2021-05-01,3.57
Jack Johnson,Taylor,2021-05-01,3.99
Longfellow,Elastic Heart,2021-05-01,4.28
Laura Doggett,Beautiful Undone,2021-05-01,3.39
Donovan Woods,I Ain't Ever Loved No One - Acoustic,2021-05-01,2.07
Gregory Alan Isakov,That Moon Song,2021-05-01,0.1
Donovan Woods,I Ain't Ever Loved No One - Acoustic,2021-05-01,0.03
Jack Johnson,Taylor,2021-05-01,0.01
Laura Doggett,Beautiful Undone,2021-05-01,0.04
Longfellow,Elastic Heart,2021-05-01,0.01
Donovan Woods,"Portland, Maine",2021-05-01,3.4
Iron & Wine,Call It Dreaming,2021-05-01,3.87
Dermot Kennedy,After Rain,2021-05-01,3.38
